corpus	smallholder
author-AfDB	8.6500000
author-AsDB	0
author-IDB	1.2700000
author-IFAD	13.1000000
author-World-Bank	25.2500000
date-2015	7.1200000
date-2016	4.8300000
date-2017	14.8200000
date-2018	12.2700000
date-2019	5.4700000
date-2020	.5700000
date-2021	3.1800000
region-Africa	33.2700000
region-Asia	9.4100000
region-Latin-America-and-Caribbean	3.1100000
region-Middle-East	2.4800000
