corpus	smallholder
author-AFDB	26.8400000
author-ASDB	.7900000
author-IDB	7.1900000
author-IFAD	205.6300000
author-WORLD-BANK	66.0800000
date-2015	170.9800000
date-2016	148.9700000
date-2017	58.5900000
date-2018	42.2400000
date-2019	20.3200000
date-2020	6.7700000
date-2021	146.9100000
region-Africa	76.5100000
region-Asia	67.3500000
region-Latin-America-and-Caribbean	41.9000000
region-Middle-East	57.9300000
