corpus	^small\Wproduce
author-AfDB	1.0800000
author-AsDB	0
author-IDB	1.1400000
author-IFAD	.3800000
author-World-Bank	1.5200000
date-2015	1.0800000
date-2016	.2500000
date-2017	.8200000
date-2018	.3800000
date-2019	1.3300000
date-2020	.1900000
date-2021	.0600000
region-Africa	1.6500000
region-Asia	.5700000
region-Latin-America-and-Caribbean	1.8400000
region-Middle-East	.0600000
