corpus	^small\Wand\Wmedium
author-AFDB	11.2000000
author-ASDB	0
author-IDB	29.9900000
author-IFAD	7.4000000
author-WORLD-BANK	18.0900000
date-2015	12.7200000
date-2016	18.7800000
date-2017	10.2300000
date-2018	8.0100000
date-2019	21.6300000
date-2020	5.8000000
date-2021	19.1600000
region-Africa	11.5500000
region-Asia	11.2700000
region-Latin-America-and-Caribbean	26.7100000
region-Middle-East	4.4500000
