corpus	^small\Wfarm
author-AfDB	1.4600000
author-AsDB	.0600000
author-IDB	1.3900000
author-IFAD	1.2000000
author-World-Bank	3.3000000
date-2015	.5700000
date-2016	.9500000
date-2017	2.4100000
date-2018	2.5400000
date-2019	.6900000
date-2020	.1900000
date-2021	.0600000
region-Africa	2.5400000
region-Asia	1.7800000
region-Latin-America-and-Caribbean	2.5400000
region-Middle-East	.5700000
