corpus	^small\Wfarm
author-AFDB	4.2000000
author-ASDB	3.1900000
author-IDB	19.1900000
author-IFAD	6.9900000
author-WORLD-BANK	9.5900000
date-2015	7.1900000
date-2016	10.3600000
date-2017	8.9900000
date-2018	9.5500000
date-2019	4.5800000
date-2020	2.9000000
date-2021	3.1900000
region-Africa	4.2500000
region-Asia	7.9700000
region-Latin-America-and-Caribbean	18.3300000
region-Middle-East	17.8200000
