corpus	^small\Wproduce
author-AFDB	3.5000000
author-ASDB	0
author-IDB	21.5900000
author-IFAD	2.4600000
author-WORLD-BANK	4.4300000
date-2015	9.9600000
date-2016	2.5900000
date-2017	3.7200000
date-2018	1.8500000
date-2019	6.5500000
date-2020	1.9300000
date-2021	3.1900000
region-Africa	2.9100000
region-Asia	2.1900000
region-Latin-America-and-Caribbean	16.2400000
region-Middle-East	0
