corpus	^small\Wscale
author-AfDB	2.7900000
author-AsDB	.1900000
author-IDB	.9500000
author-IFAD	1.7100000
author-World-Bank	14.4400000
date-2015	1.8400000
date-2016	1.3900000
date-2017	6.3600000
date-2018	4.8300000
date-2019	3.3700000
date-2020	1.7100000
date-2021	.5700000
region-Africa	12.2100000
region-Asia	4.6400000
region-Latin-America-and-Caribbean	2.5400000
region-Middle-East	.6900000
