corpus	^small\Wand\Wmedium
author-AfDB	4.7000000
author-AsDB	0
author-IDB	2.4100000
author-IFAD	.9500000
author-World-Bank	6.2300000
date-2015	1.3900000
date-2016	1.7100000
date-2017	2.6700000
date-2018	2.9900000
date-2019	4.7700000
date-2020	.3800000
date-2021	.3800000
region-Africa	7.3800000
region-Asia	2.6700000
region-Latin-America-and-Caribbean	4.0000000
region-Middle-East	.2500000
