corpus	^small\Wscale
author-AFDB	6.3000000
author-ASDB	2.3900000
author-IDB	11.9900000
author-IFAD	27.9600000
author-WORLD-BANK	41.3500000
date-2015	24.3400000
date-2016	32.3800000
date-2017	26.3500000
date-2018	21.5800000
date-2019	16.7200000
date-2020	22.2500000
date-2021	28.7400000
region-Africa	25.9000000
region-Asia	19.2400000
region-Latin-America-and-Caribbean	19.9000000
region-Middle-East	24.5100000
